SampleID	BarcodeSequence	LinkerPrimerSequence	BarcodeName	ReversePrimer	ProjectName	Description
JN.Sample.1	GCTCAGATGT	GTGCCAGCMGCCGCGGTAA	60bp_UDPi5_0555	GGACTACVSGGGTATCTAAT	020224JNbac515F	JN.Sample.1
JN.Sample.10	CTAGGATAGC	GTGCCAGCMGCCGCGGTAA	60bp_UDPi5_0564	GGACTACVSGGGTATCTAAT	020224JNbac515F	JN.Sample.10
JN.Sample.2	CTTACTACGC	GTGCCAGCMGCCGCGGTAA	60bp_UDPi5_0556	GGACTACVSGGGTATCTAAT	020224JNbac515F	JN.Sample.2
JN.Sample.3	TGTCATTCAT	GTGCCAGCMGCCGCGGTAA	60bp_UDPi5_0557	GGACTACVSGGGTATCTAAT	020224JNbac515F	JN.Sample.3
JN.Sample.4	GACTGTATCA	GTGCCAGCMGCCGCGGTAA	60bp_UDPi5_0558	GGACTACVSGGGTATCTAAT	020224JNbac515F	JN.Sample.4
JN.Sample.5	TGTCGGATCT	GTGCCAGCMGCCGCGGTAA	60bp_UDPi5_0559	GGACTACVSGGGTATCTAAT	020224JNbac515F	JN.Sample.5
JN.Sample.6	GAGCTAATCT	GTGCCAGCMGCCGCGGTAA	60bp_UDPi5_0560	GGACTACVSGGGTATCTAAT	020224JNbac515F	JN.Sample.6
JN.Sample.7	GAGTTACGCC	GTGCCAGCMGCCGCGGTAA	60bp_UDPi5_0561	GGACTACVSGGGTATCTAAT	020224JNbac515F	JN.Sample.7
JN.Sample.8	TGTCATGGAG	GTGCCAGCMGCCGCGGTAA	60bp_UDPi5_0562	GGACTACVSGGGTATCTAAT	020224JNbac515F	JN.Sample.8
JN.Sample.9	CTCCATGATG	GTGCCAGCMGCCGCGGTAA	60bp_UDPi5_0563	GGACTACVSGGGTATCTAAT	020224JNbac515F	JN.Sample.9